-- phpMyAdmin SQL Dump
-- version 4.8.3
-- https://www.phpmyadmin.net/
--
-- 主机： localhost
-- 生成日期： 2019-03-26 14:41:59
-- 服务器版本： 8.0.12
-- PHP 版本： 7.3.2

SET SQL_MODE = "NO_AUTO_VALUE_ON_ZERO";
SET AUTOCOMMIT = 0;
START TRANSACTION;
SET time_zone = "+00:00";


/*!40101 SET @OLD_CHARACTER_SET_CLIENT=@@CHARACTER_SET_CLIENT */;
/*!40101 SET @OLD_CHARACTER_SET_RESULTS=@@CHARACTER_SET_RESULTS */;
/*!40101 SET @OLD_COLLATION_CONNECTION=@@COLLATION_CONNECTION */;
/*!40101 SET NAMES utf8mb4 */;

--
-- 数据库： `test`
--

-- --------------------------------------------------------

--
-- 表的结构 `articles`
--

CREATE TABLE `articles` (
  `id` int(10) UNSIGNED NOT NULL,
  `user_id` int(10) UNSIGNED NOT NULL,
  `status` tinyint(4) NOT NULL DEFAULT '1',
  `read_count` int(10) UNSIGNED NOT NULL DEFAULT '0',
  `title` varchar(200) NOT NULL,
  `content` text NOT NULL
) ENGINE=InnoDB DEFAULT CHARSET=utf8;

--
-- 转存表中的数据 `articles`
--

INSERT INTO `articles` (`id`, `user_id`, `status`, `read_count`, `title`, `content`) VALUES
(1, 58, 0, 60, 'title1', 'url1'),
(2, 7, 0, 71, 'title2', 'url2'),
(3, 44, 1, 26, 'title3', 'url3'),
(4, 26, 1, 8, 'title4', 'url4'),
(5, 85, 1, 72, 'title5', 'url5'),
(6, 40, 1, 78, 'title6', 'url6'),
(7, 43, 1, 28, 'title7', 'url7'),
(8, 95, 0, 58, 'title8', 'url8'),
(9, 91, 1, 9, 'title9', 'url9'),
(10, 79, 1, 70, 'title10', 'url10'),
(11, 93, 1, 26, 'title11', 'url11'),
(12, 68, 1, 45, 'title12', 'url12'),
(13, 4, 0, 9, 'title13', 'url13'),
(14, 89, 1, 100, 'title14', 'url14'),
(15, 55, 1, 68, 'title15', 'url15'),
(16, 60, 1, 84, 'title16', 'url16'),
(17, 95, 1, 79, 'title17', 'url17'),
(18, 56, 0, 12, 'title18', 'url18'),
(19, 60, 1, 68, 'title19', 'url19'),
(20, 26, 1, 88, 'title20', 'url20'),
(21, 67, 1, 35, 'title21', 'url21'),
(22, 80, 1, 34, 'title22', 'url22'),
(23, 41, 1, 88, 'title23', 'url23'),
(24, 2, 1, 31, 'title24', 'url24'),
(25, 50, 1, 8, 'title25', 'url25'),
(26, 75, 1, 75, 'title26', 'url26'),
(27, 85, 0, 30, 'title27', 'url27'),
(28, 4, 0, 46, 'title28', 'url28'),
(29, 81, 0, 57, 'title29', 'url29'),
(30, 75, 1, 32, 'title30', 'url30'),
(31, 41, 1, 74, 'title31', 'url31'),
(32, 66, 1, 86, 'title32', 'url32'),
(33, 67, 0, 8, 'title33', 'url33'),
(34, 41, 1, 12, 'title34', 'url34'),
(35, 97, 1, 40, 'title35', 'url35'),
(36, 98, 1, 55, 'title36', 'url36'),
(37, 80, 1, 81, 'title37', 'url37'),
(38, 69, 1, 37, 'title38', 'url38'),
(39, 37, 1, 75, 'title39', 'url39'),
(40, 26, 1, 44, 'title40', 'url40'),
(41, 36, 1, 23, 'title41', 'url41'),
(42, 53, 1, 16, 'title42', 'url42'),
(43, 37, 1, 62, 'title43', 'url43'),
(44, 61, 1, 68, 'title44', 'url44'),
(45, 89, 1, 20, 'title45', 'url45'),
(46, 76, 1, 61, 'title46', 'url46'),
(47, 9, 1, 31, 'title47', 'url47'),
(48, 4, 1, 51, 'title48', 'url48'),
(49, 59, 1, 15, 'title49', 'url49'),
(50, 70, 0, 27, 'title50', 'url50'),
(51, 6, 0, 7, 'title51', 'url51'),
(52, 55, 0, 30, 'title52', 'url52'),
(53, 42, 1, 38, 'title53', 'url53'),
(54, 29, 1, 67, 'title54', 'url54'),
(55, 39, 1, 68, 'title55', 'url55'),
(56, 84, 1, 70, 'title56', 'url56'),
(57, 71, 1, 28, 'title57', 'url57'),
(58, 37, 1, 60, 'title58', 'url58'),
(59, 42, 1, 62, 'title59', 'url59'),
(60, 54, 1, 50, 'title60', 'url60'),
(61, 7, 1, 98, 'title61', 'url61'),
(62, 21, 1, 7, 'title62', 'url62'),
(63, 27, 1, 75, 'title63', 'url63'),
(64, 44, 1, 55, 'title64', 'url64'),
(65, 6, 1, 43, 'title65', 'url65'),
(66, 52, 1, 29, 'title66', 'url66'),
(67, 78, 0, 15, 'title67', 'url67'),
(68, 95, 1, 97, 'title68', 'url68'),
(69, 21, 1, 6, 'title69', 'url69'),
(70, 89, 0, 9, 'title70', 'url70'),
(71, 23, 1, 89, 'title71', 'url71'),
(72, 60, 1, 92, 'title72', 'url72'),
(73, 21, 1, 58, 'title73', 'url73'),
(74, 74, 1, 58, 'title74', 'url74'),
(75, 31, 1, 27, 'title75', 'url75'),
(76, 13, 1, 50, 'title76', 'url76'),
(77, 43, 1, 5, 'title77', 'url77'),
(78, 86, 0, 95, 'title78', 'url78'),
(79, 15, 1, 55, 'title79', 'url79'),
(80, 74, 1, 48, 'title80', 'url80'),
(81, 7, 0, 83, 'title81', 'url81'),
(82, 76, 1, 58, 'title82', 'url82'),
(83, 58, 1, 28, 'title83', 'url83'),
(84, 39, 1, 66, 'title84', 'url84'),
(85, 87, 1, 68, 'title85', 'url85'),
(86, 51, 0, 12, 'title86', 'url86'),
(87, 84, 1, 69, 'title87', 'url87'),
(88, 23, 1, 39, 'title88', 'url88'),
(89, 10, 1, 48, 'title89', 'url89'),
(90, 41, 1, 15, 'title90', 'url90'),
(91, 72, 1, 76, 'title91', 'url91'),
(92, 78, 0, 69, 'title92', 'url92'),
(93, 77, 1, 25, 'title93', 'url93'),
(94, 68, 1, 46, 'title94', 'url94'),
(95, 84, 1, 46, 'title95', 'url95'),
(96, 64, 1, 89, 'title96', 'url96'),
(97, 14, 1, 90, 'title97', 'url97'),
(98, 86, 1, 6, 'title98', 'url98'),
(99, 90, 1, 31, 'title99', 'url99'),
(100, 37, 1, 82, 'title100', 'url100');

-- --------------------------------------------------------

--
-- 表的结构 `comments`
--

CREATE TABLE `comments` (
  `id` int(10) UNSIGNED NOT NULL,
  `user_id` int(10) UNSIGNED NOT NULL,
  `target_id` int(10) UNSIGNED NOT NULL,
  `target_type` tinyint(4) NOT NULL DEFAULT '1' COMMENT '1 文章, 2 视频',
  `content` text NOT NULL,
  `created_at` timestamp NOT NULL DEFAULT CURRENT_TIMESTAMP
) ENGINE=InnoDB DEFAULT CHARSET=utf8;

--
-- 转存表中的数据 `comments`
--

INSERT INTO `comments` (`id`, `user_id`, `target_id`, `target_type`, `content`, `created_at`) VALUES
(1, 52, 36, 1, 'content1', '2019-03-21 09:12:26'),
(2, 83, 64, 1, 'content2', '2019-03-21 09:12:26'),
(3, 34, 83, 2, 'content3', '2019-03-21 09:12:26'),
(4, 12, 74, 1, 'content4', '2019-03-21 09:12:26'),
(5, 54, 49, 2, 'content5', '2019-03-21 09:12:26'),
(6, 53, 83, 1, 'content6', '2019-03-21 09:12:26'),
(7, 35, 74, 1, 'content7', '2019-03-21 09:12:26'),
(8, 37, 81, 2, 'content8', '2019-03-21 09:12:26'),
(9, 47, 63, 2, 'content9', '2019-03-21 09:12:26'),
(10, 84, 36, 1, 'content10', '2019-03-21 09:12:26'),
(11, 53, 65, 2, 'content11', '2019-03-21 09:12:26'),
(12, 30, 44, 2, 'content12', '2019-03-21 09:12:26'),
(13, 65, 88, 2, 'content13', '2019-03-21 09:12:26'),
(14, 86, 19, 2, 'content14', '2019-03-21 09:12:26'),
(15, 84, 99, 2, 'content15', '2019-03-21 09:12:26'),
(16, 91, 31, 1, 'content16', '2019-03-21 09:12:26'),
(17, 26, 55, 1, 'content17', '2019-03-21 09:12:26'),
(18, 13, 91, 1, 'content18', '2019-03-21 09:12:26'),
(19, 48, 15, 1, 'content19', '2019-03-21 09:12:26'),
(20, 18, 96, 2, 'content20', '2019-03-21 09:12:26'),
(21, 91, 44, 1, 'content21', '2019-03-21 09:12:26'),
(22, 79, 26, 2, 'content22', '2019-03-21 09:12:26'),
(23, 42, 96, 2, 'content23', '2019-03-21 09:12:26'),
(24, 11, 15, 1, 'content24', '2019-03-21 09:12:26'),
(25, 57, 6, 2, 'content25', '2019-03-21 09:12:26'),
(26, 55, 50, 1, 'content26', '2019-03-21 09:12:26'),
(27, 79, 24, 2, 'content27', '2019-03-21 09:12:26'),
(28, 52, 24, 2, 'content28', '2019-03-21 09:12:26'),
(29, 18, 47, 2, 'content29', '2019-03-21 09:12:26'),
(30, 4, 67, 2, 'content30', '2019-03-21 09:12:26'),
(31, 26, 26, 1, 'content31', '2019-03-21 09:12:26'),
(32, 29, 80, 2, 'content32', '2019-03-21 09:12:26'),
(33, 58, 77, 1, 'content33', '2019-03-21 09:12:26'),
(34, 14, 23, 2, 'content34', '2019-03-21 09:12:26'),
(35, 60, 49, 2, 'content35', '2019-03-21 09:12:26'),
(36, 100, 53, 1, 'content36', '2019-03-21 09:12:26'),
(37, 16, 28, 1, 'content37', '2019-03-21 09:12:26'),
(38, 50, 75, 2, 'content38', '2019-03-21 09:12:26'),
(39, 86, 49, 1, 'content39', '2019-03-21 09:12:26'),
(40, 57, 35, 2, 'content40', '2019-03-21 09:12:26'),
(41, 71, 52, 1, 'content41', '2019-03-21 09:12:26'),
(42, 48, 53, 2, 'content42', '2019-03-21 09:12:26'),
(43, 13, 1, 1, 'content43', '2019-03-21 09:12:26'),
(44, 61, 66, 1, 'content44', '2019-03-21 09:12:26'),
(45, 10, 17, 2, 'content45', '2019-03-21 09:12:26'),
(46, 49, 55, 1, 'content46', '2019-03-21 09:12:26'),
(47, 100, 6, 1, 'content47', '2019-03-21 09:12:26'),
(48, 69, 92, 1, 'content48', '2019-03-21 09:12:26'),
(49, 3, 65, 2, 'content49', '2019-03-21 09:12:26'),
(50, 52, 11, 2, 'content50', '2019-03-21 09:12:26'),
(51, 1, 2, 2, 'content51', '2019-03-21 09:12:26'),
(52, 14, 52, 2, 'content52', '2019-03-21 09:12:26'),
(53, 39, 2, 1, 'content53', '2019-03-21 09:12:26'),
(54, 18, 23, 1, 'content54', '2019-03-21 09:12:26'),
(55, 7, 96, 1, 'content55', '2019-03-21 09:12:26'),
(56, 63, 63, 1, 'content56', '2019-03-21 09:12:26'),
(57, 36, 50, 2, 'content57', '2019-03-21 09:12:26'),
(58, 89, 60, 1, 'content58', '2019-03-21 09:12:26'),
(59, 72, 21, 1, 'content59', '2019-03-21 09:12:26'),
(60, 50, 79, 2, 'content60', '2019-03-21 09:12:26'),
(61, 16, 87, 1, 'content61', '2019-03-21 09:12:26'),
(62, 36, 71, 2, 'content62', '2019-03-21 09:12:26'),
(63, 13, 62, 1, 'content63', '2019-03-21 09:12:26'),
(64, 28, 32, 2, 'content64', '2019-03-21 09:12:26'),
(65, 67, 97, 2, 'content65', '2019-03-21 09:12:26'),
(66, 88, 4, 1, 'content66', '2019-03-21 09:12:26'),
(67, 53, 44, 1, 'content67', '2019-03-21 09:12:26'),
(68, 80, 42, 2, 'content68', '2019-03-21 09:12:26'),
(69, 28, 23, 2, 'content69', '2019-03-21 09:12:26'),
(70, 58, 15, 1, 'content70', '2019-03-21 09:12:26'),
(71, 8, 48, 1, 'content71', '2019-03-21 09:12:26'),
(72, 21, 85, 1, 'content72', '2019-03-21 09:12:26'),
(73, 60, 26, 2, 'content73', '2019-03-21 09:12:26'),
(74, 41, 92, 2, 'content74', '2019-03-21 09:12:26'),
(75, 6, 63, 2, 'content75', '2019-03-21 09:12:26'),
(76, 91, 85, 1, 'content76', '2019-03-21 09:12:26'),
(77, 38, 82, 1, 'content77', '2019-03-21 09:12:26'),
(78, 28, 91, 2, 'content78', '2019-03-21 09:12:26'),
(79, 4, 46, 1, 'content79', '2019-03-21 09:12:26'),
(80, 20, 13, 2, 'content80', '2019-03-21 09:12:26'),
(81, 60, 16, 1, 'content81', '2019-03-21 09:12:26'),
(82, 13, 17, 2, 'content82', '2019-03-21 09:12:26'),
(83, 46, 75, 1, 'content83', '2019-03-21 09:12:26'),
(84, 42, 93, 1, 'content84', '2019-03-21 09:12:26'),
(85, 50, 26, 2, 'content85', '2019-03-21 09:12:26'),
(86, 3, 89, 2, 'content86', '2019-03-21 09:12:26'),
(87, 28, 88, 2, 'content87', '2019-03-21 09:12:26'),
(88, 78, 42, 1, 'content88', '2019-03-21 09:12:26'),
(89, 52, 53, 1, 'content89', '2019-03-21 09:12:26'),
(90, 78, 76, 2, 'content90', '2019-03-21 09:12:26'),
(91, 62, 76, 2, 'content91', '2019-03-21 09:12:26'),
(92, 97, 11, 1, 'content92', '2019-03-21 09:12:26'),
(93, 95, 41, 1, 'content93', '2019-03-21 09:12:26'),
(94, 31, 57, 1, 'content94', '2019-03-21 09:12:26'),
(95, 20, 77, 2, 'content95', '2019-03-21 09:12:26'),
(96, 93, 56, 2, 'content96', '2019-03-21 09:12:26'),
(97, 25, 71, 1, 'content97', '2019-03-21 09:12:26'),
(98, 4, 43, 1, 'content98', '2019-03-21 09:12:26'),
(99, 73, 56, 1, 'content99', '2019-03-21 09:12:26'),
(100, 41, 87, 2, 'content100', '2019-03-21 09:12:26'),
(101, 94, 70, 2, 'content101', '2019-03-21 09:12:26'),
(102, 39, 44, 1, 'content102', '2019-03-21 09:12:26'),
(103, 78, 92, 1, 'content103', '2019-03-21 09:12:26'),
(104, 40, 25, 2, 'content104', '2019-03-21 09:12:26'),
(105, 47, 86, 2, 'content105', '2019-03-21 09:12:26'),
(106, 49, 46, 2, 'content106', '2019-03-21 09:12:26'),
(107, 35, 8, 1, 'content107', '2019-03-21 09:12:26'),
(108, 65, 26, 2, 'content108', '2019-03-21 09:12:26'),
(109, 20, 95, 2, 'content109', '2019-03-21 09:12:26'),
(110, 7, 28, 2, 'content110', '2019-03-21 09:12:26'),
(111, 21, 88, 2, 'content111', '2019-03-21 09:12:26'),
(112, 56, 88, 1, 'content112', '2019-03-21 09:12:26'),
(113, 5, 66, 2, 'content113', '2019-03-21 09:12:26'),
(114, 4, 23, 2, 'content114', '2019-03-21 09:12:26'),
(115, 48, 4, 2, 'content115', '2019-03-21 09:12:26'),
(116, 12, 94, 2, 'content116', '2019-03-21 09:12:26'),
(117, 8, 20, 1, 'content117', '2019-03-21 09:12:26'),
(118, 6, 76, 2, 'content118', '2019-03-21 09:12:26'),
(119, 16, 66, 1, 'content119', '2019-03-21 09:12:26'),
(120, 17, 30, 1, 'content120', '2019-03-21 09:12:26'),
(121, 95, 56, 1, 'content121', '2019-03-21 09:12:26'),
(122, 95, 35, 2, 'content122', '2019-03-21 09:12:26'),
(123, 60, 56, 1, 'content123', '2019-03-21 09:12:26'),
(124, 25, 11, 1, 'content124', '2019-03-21 09:12:26'),
(125, 80, 89, 2, 'content125', '2019-03-21 09:12:26'),
(126, 7, 74, 2, 'content126', '2019-03-21 09:12:26'),
(127, 2, 37, 2, 'content127', '2019-03-21 09:12:26'),
(128, 55, 66, 2, 'content128', '2019-03-21 09:12:26'),
(129, 11, 66, 2, 'content129', '2019-03-21 09:12:26'),
(130, 76, 30, 2, 'content130', '2019-03-21 09:12:26'),
(131, 8, 7, 2, 'content131', '2019-03-21 09:12:26'),
(132, 33, 32, 1, 'content132', '2019-03-21 09:12:26'),
(133, 56, 22, 2, 'content133', '2019-03-21 09:12:26'),
(134, 21, 24, 2, 'content134', '2019-03-21 09:12:26'),
(135, 94, 57, 1, 'content135', '2019-03-21 09:12:26'),
(136, 58, 95, 1, 'content136', '2019-03-21 09:12:26'),
(137, 77, 51, 1, 'content137', '2019-03-21 09:12:26'),
(138, 65, 65, 1, 'content138', '2019-03-21 09:12:26'),
(139, 19, 81, 2, 'content139', '2019-03-21 09:12:26'),
(140, 3, 31, 1, 'content140', '2019-03-21 09:12:26'),
(141, 22, 80, 1, 'content141', '2019-03-21 09:12:26'),
(142, 91, 45, 2, 'content142', '2019-03-21 09:12:26'),
(143, 87, 24, 1, 'content143', '2019-03-21 09:12:26'),
(144, 75, 23, 1, 'content144', '2019-03-21 09:12:26'),
(145, 17, 73, 2, 'content145', '2019-03-21 09:12:26'),
(146, 6, 13, 1, 'content146', '2019-03-21 09:12:26'),
(147, 93, 91, 2, 'content147', '2019-03-21 09:12:26'),
(148, 29, 58, 1, 'content148', '2019-03-21 09:12:26'),
(149, 84, 92, 2, 'content149', '2019-03-21 09:12:26'),
(150, 16, 14, 2, 'content150', '2019-03-21 09:12:26'),
(151, 37, 87, 2, 'content151', '2019-03-21 09:12:26'),
(152, 98, 29, 1, 'content152', '2019-03-21 09:12:26'),
(153, 85, 22, 2, 'content153', '2019-03-21 09:12:26'),
(154, 12, 82, 2, 'content154', '2019-03-21 09:12:26'),
(155, 9, 30, 2, 'content155', '2019-03-21 09:12:26'),
(156, 25, 59, 1, 'content156', '2019-03-21 09:12:26'),
(157, 18, 63, 1, 'content157', '2019-03-21 09:12:26'),
(158, 99, 61, 1, 'content158', '2019-03-21 09:12:26'),
(159, 50, 40, 1, 'content159', '2019-03-21 09:12:26'),
(160, 47, 17, 2, 'content160', '2019-03-21 09:12:26'),
(161, 93, 55, 1, 'content161', '2019-03-21 09:12:26'),
(162, 5, 58, 2, 'content162', '2019-03-21 09:12:26'),
(163, 8, 22, 1, 'content163', '2019-03-21 09:12:26'),
(164, 75, 6, 1, 'content164', '2019-03-21 09:12:26'),
(165, 30, 71, 1, 'content165', '2019-03-21 09:12:26'),
(166, 85, 59, 2, 'content166', '2019-03-21 09:12:26'),
(167, 93, 24, 1, 'content167', '2019-03-21 09:12:26'),
(168, 79, 11, 2, 'content168', '2019-03-21 09:12:26'),
(169, 38, 27, 1, 'content169', '2019-03-21 09:12:26'),
(170, 72, 75, 2, 'content170', '2019-03-21 09:12:26'),
(171, 48, 37, 2, 'content171', '2019-03-21 09:12:26'),
(172, 55, 77, 2, 'content172', '2019-03-21 09:12:26'),
(173, 89, 94, 1, 'content173', '2019-03-21 09:12:26'),
(174, 4, 84, 1, 'content174', '2019-03-21 09:12:26'),
(175, 27, 59, 2, 'content175', '2019-03-21 09:12:26'),
(176, 62, 10, 2, 'content176', '2019-03-21 09:12:26'),
(177, 53, 52, 2, 'content177', '2019-03-21 09:12:26'),
(178, 6, 6, 2, 'content178', '2019-03-21 09:12:26'),
(179, 12, 67, 2, 'content179', '2019-03-21 09:12:26'),
(180, 6, 59, 2, 'content180', '2019-03-21 09:12:26'),
(181, 87, 95, 1, 'content181', '2019-03-21 09:12:26'),
(182, 28, 58, 1, 'content182', '2019-03-21 09:12:26'),
(183, 65, 28, 1, 'content183', '2019-03-21 09:12:26'),
(184, 70, 100, 2, 'content184', '2019-03-21 09:12:26'),
(185, 50, 53, 2, 'content185', '2019-03-21 09:12:26'),
(186, 72, 4, 2, 'content186', '2019-03-21 09:12:26'),
(187, 89, 38, 1, 'content187', '2019-03-21 09:12:26'),
(188, 61, 41, 1, 'content188', '2019-03-21 09:12:26'),
(189, 1, 45, 1, 'content189', '2019-03-21 09:12:26'),
(190, 77, 50, 1, 'content190', '2019-03-21 09:12:26'),
(191, 83, 49, 1, 'content191', '2019-03-21 09:12:26'),
(192, 76, 62, 1, 'content192', '2019-03-21 09:12:26'),
(193, 28, 16, 2, 'content193', '2019-03-21 09:12:26'),
(194, 85, 72, 2, 'content194', '2019-03-21 09:12:26'),
(195, 94, 25, 1, 'content195', '2019-03-21 09:12:26'),
(196, 21, 30, 2, 'content196', '2019-03-21 09:12:26'),
(197, 6, 37, 2, 'content197', '2019-03-21 09:12:26'),
(198, 77, 76, 2, 'content198', '2019-03-21 09:12:26'),
(199, 4, 12, 1, 'content199', '2019-03-21 09:12:26'),
(200, 16, 68, 2, 'content200', '2019-03-21 09:12:26'),
(201, 49, 28, 2, 'content201', '2019-03-21 09:12:26'),
(202, 94, 51, 2, 'content202', '2019-03-21 09:12:26'),
(203, 86, 58, 1, 'content203', '2019-03-21 09:12:26'),
(204, 6, 91, 2, 'content204', '2019-03-21 09:12:26'),
(205, 10, 65, 2, 'content205', '2019-03-21 09:12:26'),
(206, 99, 68, 2, 'content206', '2019-03-21 09:12:26'),
(207, 40, 50, 2, 'content207', '2019-03-21 09:12:26'),
(208, 11, 86, 2, 'content208', '2019-03-21 09:12:26'),
(209, 96, 29, 2, 'content209', '2019-03-21 09:12:26'),
(210, 61, 49, 2, 'content210', '2019-03-21 09:12:26'),
(211, 20, 24, 1, 'content211', '2019-03-21 09:12:26'),
(212, 81, 72, 2, 'content212', '2019-03-21 09:12:26'),
(213, 76, 95, 1, 'content213', '2019-03-21 09:12:26'),
(214, 26, 27, 2, 'content214', '2019-03-21 09:12:26'),
(215, 51, 88, 2, 'content215', '2019-03-21 09:12:26'),
(216, 63, 77, 2, 'content216', '2019-03-21 09:12:26'),
(217, 6, 9, 2, 'content217', '2019-03-21 09:12:26'),
(218, 4, 57, 1, 'content218', '2019-03-21 09:12:26'),
(219, 76, 51, 2, 'content219', '2019-03-21 09:12:26'),
(220, 46, 68, 1, 'content220', '2019-03-21 09:12:26'),
(221, 40, 31, 2, 'content221', '2019-03-21 09:12:26'),
(222, 97, 96, 1, 'content222', '2019-03-21 09:12:26'),
(223, 20, 81, 2, 'content223', '2019-03-21 09:12:26'),
(224, 50, 72, 1, 'content224', '2019-03-21 09:12:26'),
(225, 97, 74, 1, 'content225', '2019-03-21 09:12:26'),
(226, 52, 63, 1, 'content226', '2019-03-21 09:12:26'),
(227, 54, 2, 1, 'content227', '2019-03-21 09:12:26'),
(228, 50, 1, 2, 'content228', '2019-03-21 09:12:26'),
(229, 42, 98, 2, 'content229', '2019-03-21 09:12:26'),
(230, 34, 24, 2, 'content230', '2019-03-21 09:12:26'),
(231, 35, 26, 2, 'content231', '2019-03-21 09:12:26'),
(232, 93, 100, 2, 'content232', '2019-03-21 09:12:26'),
(233, 45, 48, 2, 'content233', '2019-03-21 09:12:26'),
(234, 67, 57, 2, 'content234', '2019-03-21 09:12:26'),
(235, 99, 47, 2, 'content235', '2019-03-21 09:12:26'),
(236, 57, 79, 1, 'content236', '2019-03-21 09:12:26'),
(237, 55, 88, 2, 'content237', '2019-03-21 09:12:26'),
(238, 51, 80, 1, 'content238', '2019-03-21 09:12:26'),
(239, 41, 31, 2, 'content239', '2019-03-21 09:12:26'),
(240, 94, 80, 2, 'content240', '2019-03-21 09:12:26'),
(241, 5, 91, 1, 'content241', '2019-03-21 09:12:26'),
(242, 45, 84, 2, 'content242', '2019-03-21 09:12:26'),
(243, 36, 68, 2, 'content243', '2019-03-21 09:12:26'),
(244, 10, 45, 1, 'content244', '2019-03-21 09:12:26'),
(245, 23, 33, 2, 'content245', '2019-03-21 09:12:26'),
(246, 65, 38, 1, 'content246', '2019-03-21 09:12:26'),
(247, 51, 65, 2, 'content247', '2019-03-21 09:12:26'),
(248, 19, 94, 1, 'content248', '2019-03-21 09:12:26'),
(249, 79, 52, 1, 'content249', '2019-03-21 09:12:26'),
(250, 22, 44, 2, 'content250', '2019-03-21 09:12:26'),
(251, 69, 89, 2, 'content251', '2019-03-21 09:12:26'),
(252, 8, 46, 2, 'content252', '2019-03-21 09:12:26'),
(253, 24, 31, 2, 'content253', '2019-03-21 09:12:26'),
(254, 38, 79, 2, 'content254', '2019-03-21 09:12:26'),
(255, 90, 22, 2, 'content255', '2019-03-21 09:12:26'),
(256, 31, 32, 2, 'content256', '2019-03-21 09:12:26'),
(257, 15, 24, 1, 'content257', '2019-03-21 09:12:26'),
(258, 71, 75, 1, 'content258', '2019-03-21 09:12:26'),
(259, 38, 78, 2, 'content259', '2019-03-21 09:12:26'),
(260, 90, 9, 2, 'content260', '2019-03-21 09:12:26'),
(261, 7, 58, 2, 'content261', '2019-03-21 09:12:26'),
(262, 89, 76, 2, 'content262', '2019-03-21 09:12:26'),
(263, 41, 67, 2, 'content263', '2019-03-21 09:12:26'),
(264, 96, 58, 1, 'content264', '2019-03-21 09:12:26'),
(265, 24, 4, 2, 'content265', '2019-03-21 09:12:26'),
(266, 67, 12, 2, 'content266', '2019-03-21 09:12:26'),
(267, 75, 27, 1, 'content267', '2019-03-21 09:12:26'),
(268, 67, 7, 1, 'content268', '2019-03-21 09:12:26'),
(269, 12, 41, 1, 'content269', '2019-03-21 09:12:26'),
(270, 39, 97, 1, 'content270', '2019-03-21 09:12:26'),
(271, 96, 37, 1, 'content271', '2019-03-21 09:12:26'),
(272, 1, 81, 2, 'content272', '2019-03-21 09:12:26'),
(273, 67, 34, 2, 'content273', '2019-03-21 09:12:26'),
(274, 32, 63, 1, 'content274', '2019-03-21 09:12:26'),
(275, 75, 15, 2, 'content275', '2019-03-21 09:12:26'),
(276, 7, 35, 1, 'content276', '2019-03-21 09:12:26'),
(277, 13, 85, 1, 'content277', '2019-03-21 09:12:26'),
(278, 64, 47, 2, 'content278', '2019-03-21 09:12:26'),
(279, 43, 74, 1, 'content279', '2019-03-21 09:12:26'),
(280, 23, 92, 2, 'content280', '2019-03-21 09:12:26'),
(281, 88, 29, 2, 'content281', '2019-03-21 09:12:26'),
(282, 77, 80, 1, 'content282', '2019-03-21 09:12:26'),
(283, 57, 74, 2, 'content283', '2019-03-21 09:12:26'),
(284, 82, 77, 1, 'content284', '2019-03-21 09:12:26'),
(285, 75, 26, 1, 'content285', '2019-03-21 09:12:26'),
(286, 61, 61, 1, 'content286', '2019-03-21 09:12:26'),
(287, 87, 24, 2, 'content287', '2019-03-21 09:12:26'),
(288, 95, 1, 2, 'content288', '2019-03-21 09:12:26'),
(289, 5, 83, 1, 'content289', '2019-03-21 09:12:26'),
(290, 52, 96, 1, 'content290', '2019-03-21 09:12:26'),
(291, 24, 67, 1, 'content291', '2019-03-21 09:12:26'),
(292, 16, 12, 1, 'content292', '2019-03-21 09:12:26'),
(293, 21, 41, 1, 'content293', '2019-03-21 09:12:26'),
(294, 10, 78, 1, 'content294', '2019-03-21 09:12:26'),
(295, 74, 52, 1, 'content295', '2019-03-21 09:12:26'),
(296, 88, 98, 2, 'content296', '2019-03-21 09:12:26'),
(297, 1, 10, 2, 'content297', '2019-03-21 09:12:26'),
(298, 72, 36, 2, 'content298', '2019-03-21 09:12:26'),
(299, 1, 53, 1, 'content299', '2019-03-21 09:12:26'),
(300, 73, 2, 1, 'content300', '2019-03-21 09:12:26'),
(301, 61, 32, 1, 'content301', '2019-03-21 09:12:26'),
(302, 18, 42, 2, 'content302', '2019-03-21 09:12:26'),
(303, 50, 45, 1, 'content303', '2019-03-21 09:12:26'),
(304, 85, 41, 2, 'content304', '2019-03-21 09:12:26'),
(305, 74, 53, 2, 'content305', '2019-03-21 09:12:26'),
(306, 18, 29, 2, 'content306', '2019-03-21 09:12:26'),
(307, 25, 76, 2, 'content307', '2019-03-21 09:12:26'),
(308, 24, 20, 2, 'content308', '2019-03-21 09:12:26'),
(309, 20, 13, 1, 'content309', '2019-03-21 09:12:26'),
(310, 59, 59, 2, 'content310', '2019-03-21 09:12:26'),
(311, 32, 19, 2, 'content311', '2019-03-21 09:12:26'),
(312, 23, 49, 1, 'content312', '2019-03-21 09:12:26'),
(313, 46, 37, 2, 'content313', '2019-03-21 09:12:26'),
(314, 44, 99, 1, 'content314', '2019-03-21 09:12:26'),
(315, 96, 59, 2, 'content315', '2019-03-21 09:12:26'),
(316, 58, 35, 2, 'content316', '2019-03-21 09:12:26'),
(317, 69, 87, 2, 'content317', '2019-03-21 09:12:26'),
(318, 53, 4, 1, 'content318', '2019-03-21 09:12:26'),
(319, 8, 79, 2, 'content319', '2019-03-21 09:12:26'),
(320, 19, 54, 2, 'content320', '2019-03-21 09:12:26'),
(321, 8, 78, 2, 'content321', '2019-03-21 09:12:26'),
(322, 14, 14, 1, 'content322', '2019-03-21 09:12:26'),
(323, 46, 33, 2, 'content323', '2019-03-21 09:12:26'),
(324, 48, 82, 2, 'content324', '2019-03-21 09:12:26'),
(325, 5, 88, 1, 'content325', '2019-03-21 09:12:26'),
(326, 97, 25, 1, 'content326', '2019-03-21 09:12:26'),
(327, 55, 17, 1, 'content327', '2019-03-21 09:12:26'),
(328, 7, 49, 1, 'content328', '2019-03-21 09:12:26'),
(329, 25, 97, 1, 'content329', '2019-03-21 09:12:26'),
(330, 18, 76, 1, 'content330', '2019-03-21 09:12:26'),
(331, 27, 58, 2, 'content331', '2019-03-21 09:12:26'),
(332, 29, 94, 1, 'content332', '2019-03-21 09:12:26'),
(333, 42, 90, 1, 'content333', '2019-03-21 09:12:26'),
(334, 99, 48, 1, 'content334', '2019-03-21 09:12:26'),
(335, 26, 28, 2, 'content335', '2019-03-21 09:12:26'),
(336, 2, 38, 2, 'content336', '2019-03-21 09:12:26'),
(337, 41, 5, 1, 'content337', '2019-03-21 09:12:26'),
(338, 60, 97, 1, 'content338', '2019-03-21 09:12:26'),
(339, 86, 21, 2, 'content339', '2019-03-21 09:12:26'),
(340, 80, 48, 1, 'content340', '2019-03-21 09:12:26'),
(341, 98, 83, 2, 'content341', '2019-03-21 09:12:26'),
(342, 37, 55, 2, 'content342', '2019-03-21 09:12:26'),
(343, 30, 10, 2, 'content343', '2019-03-21 09:12:26'),
(344, 80, 79, 1, 'content344', '2019-03-21 09:12:26'),
(345, 43, 91, 1, 'content345', '2019-03-21 09:12:26'),
(346, 74, 11, 1, 'content346', '2019-03-21 09:12:26'),
(347, 51, 50, 1, 'content347', '2019-03-21 09:12:26'),
(348, 85, 92, 2, 'content348', '2019-03-21 09:12:26'),
(349, 52, 51, 2, 'content349', '2019-03-21 09:12:26'),
(350, 53, 24, 1, 'content350', '2019-03-21 09:12:26'),
(351, 74, 83, 1, 'content351', '2019-03-21 09:12:26'),
(352, 20, 32, 1, 'content352', '2019-03-21 09:12:26'),
(353, 51, 3, 2, 'content353', '2019-03-21 09:12:26'),
(354, 96, 10, 2, 'content354', '2019-03-21 09:12:26'),
(355, 8, 13, 2, 'content355', '2019-03-21 09:12:26'),
(356, 57, 7, 1, 'content356', '2019-03-21 09:12:26'),
(357, 38, 58, 2, 'content357', '2019-03-21 09:12:26'),
(358, 39, 50, 2, 'content358', '2019-03-21 09:12:26'),
(359, 38, 90, 1, 'content359', '2019-03-21 09:12:26'),
(360, 99, 3, 1, 'content360', '2019-03-21 09:12:26'),
(361, 14, 34, 2, 'content361', '2019-03-21 09:12:26'),
(362, 27, 10, 2, 'content362', '2019-03-21 09:12:26'),
(363, 66, 71, 2, 'content363', '2019-03-21 09:12:26'),
(364, 61, 64, 1, 'content364', '2019-03-21 09:12:26'),
(365, 40, 34, 1, 'content365', '2019-03-21 09:12:26'),
(366, 90, 5, 2, 'content366', '2019-03-21 09:12:26'),
(367, 25, 82, 2, 'content367', '2019-03-21 09:12:26'),
(368, 16, 44, 2, 'content368', '2019-03-21 09:12:26'),
(369, 8, 94, 1, 'content369', '2019-03-21 09:12:26'),
(370, 12, 62, 2, 'content370', '2019-03-21 09:12:26'),
(371, 14, 18, 2, 'content371', '2019-03-21 09:12:26'),
(372, 30, 2, 1, 'content372', '2019-03-21 09:12:26'),
(373, 46, 96, 1, 'content373', '2019-03-21 09:12:26'),
(374, 32, 61, 2, 'content374', '2019-03-21 09:12:26'),
(375, 71, 6, 2, 'content375', '2019-03-21 09:12:26'),
(376, 45, 80, 2, 'content376', '2019-03-21 09:12:26'),
(377, 60, 99, 2, 'content377', '2019-03-21 09:12:26'),
(378, 59, 36, 1, 'content378', '2019-03-21 09:12:26'),
(379, 65, 65, 1, 'content379', '2019-03-21 09:12:26'),
(380, 15, 2, 2, 'content380', '2019-03-21 09:12:26'),
(381, 76, 65, 1, 'content381', '2019-03-21 09:12:26'),
(382, 12, 6, 1, 'content382', '2019-03-21 09:12:26'),
(383, 7, 53, 2, 'content383', '2019-03-21 09:12:26'),
(384, 87, 2, 1, 'content384', '2019-03-21 09:12:26'),
(385, 44, 33, 1, 'content385', '2019-03-21 09:12:26'),
(386, 64, 94, 1, 'content386', '2019-03-21 09:12:26'),
(387, 7, 73, 1, 'content387', '2019-03-21 09:12:26'),
(388, 36, 48, 1, 'content388', '2019-03-21 09:12:26'),
(389, 41, 14, 1, 'content389', '2019-03-21 09:12:26'),
(390, 14, 26, 2, 'content390', '2019-03-21 09:12:26'),
(391, 84, 64, 1, 'content391', '2019-03-21 09:12:26'),
(392, 86, 85, 2, 'content392', '2019-03-21 09:12:26'),
(393, 18, 63, 2, 'content393', '2019-03-21 09:12:26'),
(394, 22, 28, 1, 'content394', '2019-03-21 09:12:26'),
(395, 37, 37, 1, 'content395', '2019-03-21 09:12:26'),
(396, 19, 28, 1, 'content396', '2019-03-21 09:12:26'),
(397, 3, 24, 1, 'content397', '2019-03-21 09:12:26'),
(398, 70, 68, 1, 'content398', '2019-03-21 09:12:26'),
(399, 51, 29, 1, 'content399', '2019-03-21 09:12:26'),
(400, 66, 7, 2, 'content400', '2019-03-21 09:12:26'),
(401, 82, 20, 2, 'content401', '2019-03-21 09:12:26'),
(402, 74, 98, 2, 'content402', '2019-03-21 09:12:26'),
(403, 67, 46, 1, 'content403', '2019-03-21 09:12:26'),
(404, 31, 58, 1, 'content404', '2019-03-21 09:12:26'),
(405, 32, 25, 1, 'content405', '2019-03-21 09:12:26'),
(406, 53, 12, 2, 'content406', '2019-03-21 09:12:26'),
(407, 10, 87, 2, 'content407', '2019-03-21 09:12:26'),
(408, 53, 84, 1, 'content408', '2019-03-21 09:12:26'),
(409, 1, 64, 2, 'content409', '2019-03-21 09:12:26'),
(410, 30, 55, 1, 'content410', '2019-03-21 09:12:26'),
(411, 71, 99, 1, 'content411', '2019-03-21 09:12:26'),
(412, 42, 62, 2, 'content412', '2019-03-21 09:12:26'),
(413, 44, 6, 2, 'content413', '2019-03-21 09:12:26'),
(414, 62, 78, 2, 'content414', '2019-03-21 09:12:26'),
(415, 67, 79, 2, 'content415', '2019-03-21 09:12:26'),
(416, 36, 89, 1, 'content416', '2019-03-21 09:12:26'),
(417, 84, 76, 1, 'content417', '2019-03-21 09:12:26'),
(418, 90, 60, 2, 'content418', '2019-03-21 09:12:26'),
(419, 1, 62, 2, 'content419', '2019-03-21 09:12:26'),
(420, 69, 6, 1, 'content420', '2019-03-21 09:12:26'),
(421, 69, 16, 1, 'content421', '2019-03-21 09:12:26'),
(422, 6, 25, 1, 'content422', '2019-03-21 09:12:26'),
(423, 45, 3, 1, 'content423', '2019-03-21 09:12:26'),
(424, 68, 23, 2, 'content424', '2019-03-21 09:12:26'),
(425, 40, 45, 2, 'content425', '2019-03-21 09:12:26'),
(426, 30, 22, 1, 'content426', '2019-03-21 09:12:26'),
(427, 77, 20, 2, 'content427', '2019-03-21 09:12:26'),
(428, 80, 6, 2, 'content428', '2019-03-21 09:12:26'),
(429, 32, 79, 1, 'content429', '2019-03-21 09:12:26'),
(430, 95, 7, 1, 'content430', '2019-03-21 09:12:26'),
(431, 70, 13, 1, 'content431', '2019-03-21 09:12:26'),
(432, 94, 93, 1, 'content432', '2019-03-21 09:12:26'),
(433, 89, 67, 1, 'content433', '2019-03-21 09:12:26'),
(434, 80, 49, 1, 'content434', '2019-03-21 09:12:26'),
(435, 54, 66, 2, 'content435', '2019-03-21 09:12:26'),
(436, 93, 83, 1, 'content436', '2019-03-21 09:12:26'),
(437, 44, 85, 1, 'content437', '2019-03-21 09:12:26'),
(438, 61, 97, 1, 'content438', '2019-03-21 09:12:26'),
(439, 14, 21, 1, 'content439', '2019-03-21 09:12:26'),
(440, 63, 33, 1, 'content440', '2019-03-21 09:12:26'),
(441, 41, 75, 2, 'content441', '2019-03-21 09:12:26'),
(442, 5, 73, 1, 'content442', '2019-03-21 09:12:26'),
(443, 69, 15, 2, 'content443', '2019-03-21 09:12:26'),
(444, 50, 85, 2, 'content444', '2019-03-21 09:12:26'),
(445, 96, 100, 2, 'content445', '2019-03-21 09:12:26'),
(446, 70, 58, 2, 'content446', '2019-03-21 09:12:26'),
(447, 43, 80, 1, 'content447', '2019-03-21 09:12:26'),
(448, 54, 87, 1, 'content448', '2019-03-21 09:12:26'),
(449, 30, 52, 2, 'content449', '2019-03-21 09:12:26'),
(450, 29, 2, 2, 'content450', '2019-03-21 09:12:26'),
(451, 7, 97, 1, 'content451', '2019-03-21 09:12:26'),
(452, 48, 87, 2, 'content452', '2019-03-21 09:12:26'),
(453, 45, 32, 1, 'content453', '2019-03-21 09:12:26'),
(454, 69, 66, 1, 'content454', '2019-03-21 09:12:26'),
(455, 65, 12, 2, 'content455', '2019-03-21 09:12:26'),
(456, 46, 88, 2, 'content456', '2019-03-21 09:12:26'),
(457, 17, 28, 1, 'content457', '2019-03-21 09:12:26'),
(458, 47, 5, 2, 'content458', '2019-03-21 09:12:26'),
(459, 74, 51, 2, 'content459', '2019-03-21 09:12:26'),
(460, 20, 88, 1, 'content460', '2019-03-21 09:12:26'),
(461, 7, 59, 1, 'content461', '2019-03-21 09:12:26'),
(462, 39, 31, 2, 'content462', '2019-03-21 09:12:26'),
(463, 78, 13, 1, 'content463', '2019-03-21 09:12:26'),
(464, 80, 59, 1, 'content464', '2019-03-21 09:12:26'),
(465, 58, 73, 1, 'content465', '2019-03-21 09:12:26'),
(466, 89, 15, 2, 'content466', '2019-03-21 09:12:26'),
(467, 30, 67, 2, 'content467', '2019-03-21 09:12:26'),
(468, 14, 100, 2, 'content468', '2019-03-21 09:12:26'),
(469, 76, 6, 2, 'content469', '2019-03-21 09:12:26'),
(470, 68, 48, 1, 'content470', '2019-03-21 09:12:26'),
(471, 46, 91, 2, 'content471', '2019-03-21 09:12:26'),
(472, 77, 8, 2, 'content472', '2019-03-21 09:12:26'),
(473, 41, 89, 2, 'content473', '2019-03-21 09:12:26'),
(474, 73, 11, 2, 'content474', '2019-03-21 09:12:26'),
(475, 19, 33, 2, 'content475', '2019-03-21 09:12:26'),
(476, 77, 8, 2, 'content476', '2019-03-21 09:12:26'),
(477, 27, 31, 2, 'content477', '2019-03-21 09:12:26'),
(478, 6, 93, 2, 'content478', '2019-03-21 09:12:26'),
(479, 68, 42, 2, 'content479', '2019-03-21 09:12:26'),
(480, 70, 93, 1, 'content480', '2019-03-21 09:12:26'),
(481, 6, 99, 2, 'content481', '2019-03-21 09:12:26'),
(482, 3, 70, 2, 'content482', '2019-03-21 09:12:26'),
(483, 13, 65, 2, 'content483', '2019-03-21 09:12:26'),
(484, 21, 72, 2, 'content484', '2019-03-21 09:12:26'),
(485, 11, 84, 2, 'content485', '2019-03-21 09:12:26'),
(486, 9, 43, 1, 'content486', '2019-03-21 09:12:26'),
(487, 41, 30, 2, 'content487', '2019-03-21 09:12:26'),
(488, 82, 43, 1, 'content488', '2019-03-21 09:12:26'),
(489, 14, 57, 1, 'content489', '2019-03-21 09:12:26'),
(490, 57, 67, 2, 'content490', '2019-03-21 09:12:26'),
(491, 15, 85, 1, 'content491', '2019-03-21 09:12:26'),
(492, 8, 5, 2, 'content492', '2019-03-21 09:12:26'),
(493, 55, 54, 2, 'content493', '2019-03-21 09:12:26'),
(494, 53, 71, 2, 'content494', '2019-03-21 09:12:26'),
(495, 4, 70, 2, 'content495', '2019-03-21 09:12:26'),
(496, 94, 82, 2, 'content496', '2019-03-21 09:12:26'),
(497, 73, 41, 2, 'content497', '2019-03-21 09:12:26'),
(498, 8, 16, 1, 'content498', '2019-03-21 09:12:26'),
(499, 39, 92, 2, 'content499', '2019-03-21 09:12:26'),
(500, 79, 52, 1, 'content500', '2019-03-21 09:12:26');

-- --------------------------------------------------------

--
-- 表的结构 `tags`
--

CREATE TABLE `tags` (
  `id` int(10) UNSIGNED NOT NULL,
  `name` varchar(30) NOT NULL
) ENGINE=InnoDB DEFAULT CHARSET=utf8;

--
-- 转存表中的数据 `tags`
--

INSERT INTO `tags` (`id`, `name`) VALUES
(1, 'tag1'),
(10, 'tag10'),
(11, 'tag11'),
(12, 'tag12'),
(13, 'tag13'),
(14, 'tag14'),
(15, 'tag15'),
(16, 'tag16'),
(17, 'tag17'),
(18, 'tag18'),
(19, 'tag19'),
(2, 'tag2'),
(20, 'tag20'),
(3, 'tag3'),
(4, 'tag4'),
(5, 'tag5'),
(6, 'tag6'),
(7, 'tag7'),
(8, 'tag8'),
(9, 'tag9');

-- --------------------------------------------------------

--
-- 表的结构 `target_tag`
--

CREATE TABLE `target_tag` (
  `id` int(10) UNSIGNED NOT NULL,
  `tag_id` int(10) UNSIGNED NOT NULL,
  `target_id` int(10) UNSIGNED NOT NULL,
  `target_type` tinyint(3) UNSIGNED NOT NULL DEFAULT '1' COMMENT '1 文章, 2 视频'
) ENGINE=InnoDB DEFAULT CHARSET=utf8 ROW_FORMAT=COMPACT;

--
-- 转存表中的数据 `target_tag`
--

INSERT INTO `target_tag` (`id`, `tag_id`, `target_id`, `target_type`) VALUES
(1, 11, 30, 2),
(2, 13, 16, 2),
(3, 19, 81, 1),
(4, 13, 7, 2),
(5, 17, 89, 1),
(6, 17, 58, 1),
(7, 2, 62, 2),
(8, 20, 76, 2),
(9, 14, 78, 1),
(10, 15, 46, 1),
(11, 19, 67, 1),
(12, 3, 29, 1),
(13, 6, 29, 1),
(14, 13, 80, 2),
(15, 17, 61, 2),
(16, 2, 19, 1),
(17, 18, 75, 2),
(18, 7, 26, 1),
(19, 4, 2, 1),
(20, 13, 45, 1),
(21, 6, 41, 2),
(22, 12, 33, 2),
(23, 17, 17, 1),
(24, 10, 85, 2),
(25, 7, 39, 2),
(26, 4, 34, 1),
(27, 20, 96, 1),
(28, 7, 35, 2),
(29, 10, 53, 2),
(30, 7, 37, 1),
(31, 3, 1, 1),
(32, 12, 2, 2),
(33, 17, 5, 1),
(34, 10, 89, 1),
(35, 18, 85, 2),
(36, 3, 53, 2),
(37, 15, 44, 2),
(38, 17, 43, 2),
(39, 10, 72, 2),
(40, 4, 4, 2),
(41, 9, 56, 1),
(42, 10, 67, 1),
(43, 20, 36, 2),
(44, 16, 56, 1),
(45, 7, 29, 2),
(46, 14, 6, 1),
(47, 5, 76, 2),
(48, 15, 20, 2),
(49, 14, 93, 1),
(50, 7, 45, 1),
(51, 16, 51, 1),
(52, 7, 12, 2),
(53, 6, 85, 1),
(54, 12, 48, 2),
(55, 13, 13, 1),
(56, 15, 19, 1),
(57, 18, 75, 1),
(58, 9, 12, 2),
(59, 1, 27, 1),
(60, 19, 25, 2),
(61, 8, 100, 2),
(62, 11, 6, 2),
(63, 16, 95, 1),
(64, 18, 47, 2),
(65, 8, 25, 1),
(66, 4, 35, 1),
(67, 4, 22, 1),
(68, 1, 27, 2),
(69, 11, 59, 2),
(70, 14, 20, 2),
(71, 20, 21, 2),
(72, 14, 87, 1),
(73, 9, 63, 1),
(74, 11, 25, 1),
(75, 16, 89, 2),
(76, 11, 9, 2),
(77, 20, 17, 1),
(78, 6, 48, 1),
(79, 4, 22, 2),
(80, 5, 25, 2),
(81, 16, 91, 1),
(82, 6, 2, 2),
(83, 4, 55, 2),
(84, 8, 21, 2),
(85, 4, 84, 1),
(86, 12, 66, 1),
(87, 7, 47, 1),
(88, 14, 14, 1),
(89, 9, 73, 1),
(90, 12, 82, 1),
(91, 16, 88, 1),
(92, 12, 37, 1),
(93, 20, 72, 2),
(94, 11, 65, 1),
(95, 1, 98, 2),
(96, 4, 13, 2),
(97, 5, 14, 2),
(98, 20, 92, 2),
(99, 2, 5, 2),
(100, 17, 98, 2),
(101, 17, 57, 2),
(102, 3, 46, 2),
(103, 10, 2, 2),
(104, 4, 46, 2),
(105, 1, 50, 1),
(106, 3, 10, 1),
(107, 19, 95, 1),
(108, 6, 93, 1),
(109, 6, 54, 2),
(110, 18, 27, 1),
(111, 13, 37, 1),
(112, 18, 11, 2),
(113, 9, 81, 2),
(114, 10, 52, 2),
(115, 4, 35, 2),
(116, 12, 61, 1),
(117, 6, 43, 2),
(118, 19, 9, 2),
(119, 15, 55, 1),
(120, 10, 21, 1),
(121, 14, 79, 2),
(122, 5, 72, 1),
(123, 19, 30, 1),
(124, 20, 90, 2),
(125, 2, 10, 1),
(126, 5, 83, 2),
(127, 1, 83, 2),
(128, 1, 57, 2),
(129, 4, 2, 1),
(130, 11, 71, 1),
(131, 2, 68, 1),
(132, 13, 91, 2),
(133, 3, 40, 1),
(134, 17, 66, 2),
(135, 17, 79, 1),
(136, 3, 60, 2),
(137, 3, 96, 1),
(138, 4, 30, 2),
(139, 19, 64, 1),
(140, 20, 82, 1),
(141, 9, 25, 2),
(142, 16, 40, 2),
(143, 8, 11, 1),
(144, 4, 95, 2),
(145, 8, 16, 1),
(146, 7, 54, 1),
(147, 18, 30, 2),
(148, 10, 37, 1),
(149, 9, 100, 2),
(150, 5, 23, 1),
(151, 5, 82, 2),
(152, 6, 96, 2),
(153, 19, 73, 1),
(154, 15, 2, 2),
(155, 18, 91, 1),
(156, 17, 100, 1),
(157, 12, 78, 1),
(158, 18, 28, 1),
(159, 15, 23, 1),
(160, 2, 61, 1),
(161, 13, 29, 1),
(162, 9, 12, 1),
(163, 18, 99, 2),
(164, 1, 21, 2),
(165, 2, 72, 1),
(166, 13, 43, 1),
(167, 10, 73, 1),
(168, 6, 51, 1),
(169, 10, 10, 2),
(170, 7, 73, 2),
(171, 2, 96, 2),
(172, 18, 46, 2),
(173, 17, 12, 1),
(174, 2, 63, 1),
(175, 1, 33, 2),
(176, 1, 9, 1),
(177, 20, 75, 2),
(178, 2, 75, 2),
(179, 5, 27, 2),
(180, 18, 8, 2),
(181, 19, 86, 2),
(182, 7, 69, 2),
(183, 8, 13, 2),
(184, 1, 28, 2),
(185, 11, 30, 2),
(186, 15, 62, 1),
(187, 10, 13, 1),
(188, 11, 78, 2),
(189, 14, 33, 2),
(190, 16, 94, 2),
(191, 10, 15, 2),
(192, 18, 70, 2),
(193, 5, 48, 2),
(194, 20, 48, 1),
(195, 13, 65, 1),
(196, 16, 47, 1),
(197, 1, 65, 1),
(198, 7, 26, 2),
(199, 1, 94, 2),
(200, 1, 14, 2),
(201, 12, 49, 2),
(202, 4, 39, 1),
(203, 1, 48, 1),
(204, 10, 43, 2),
(205, 8, 56, 1),
(206, 7, 84, 2),
(207, 12, 42, 1),
(208, 18, 97, 2),
(209, 20, 10, 2),
(210, 13, 47, 2),
(211, 17, 14, 1),
(212, 11, 43, 1),
(213, 11, 42, 1),
(214, 8, 68, 2),
(215, 1, 69, 2),
(216, 7, 24, 1),
(217, 13, 65, 1),
(218, 8, 97, 1),
(219, 12, 79, 1),
(220, 10, 41, 1),
(221, 3, 26, 1),
(222, 17, 65, 1),
(223, 12, 29, 1),
(224, 1, 16, 1),
(225, 19, 5, 1),
(226, 19, 30, 1),
(227, 8, 15, 2),
(228, 11, 8, 1),
(229, 5, 48, 2),
(230, 20, 11, 1),
(231, 14, 64, 2),
(232, 14, 100, 2),
(233, 18, 36, 2),
(234, 10, 45, 1),
(235, 20, 9, 1),
(236, 5, 11, 1),
(237, 20, 26, 1),
(238, 1, 89, 2),
(239, 5, 29, 2),
(240, 3, 28, 2),
(241, 5, 89, 2),
(242, 18, 68, 2),
(243, 7, 21, 2),
(244, 4, 71, 2),
(245, 9, 92, 2),
(246, 13, 44, 1),
(247, 8, 96, 2),
(248, 5, 84, 1),
(249, 10, 6, 1),
(250, 11, 36, 1),
(251, 6, 72, 1),
(252, 20, 93, 1),
(253, 20, 48, 1),
(254, 20, 31, 2),
(255, 18, 34, 2),
(256, 2, 63, 1),
(257, 8, 77, 1),
(258, 9, 12, 2),
(259, 17, 14, 2),
(260, 6, 19, 1),
(261, 8, 8, 1),
(262, 19, 14, 1),
(263, 4, 87, 1),
(264, 11, 72, 2),
(265, 5, 26, 1),
(266, 2, 54, 2),
(267, 9, 65, 1),
(268, 17, 36, 1),
(269, 18, 33, 2),
(270, 10, 52, 2),
(271, 18, 86, 2),
(272, 13, 6, 2),
(273, 3, 11, 1),
(274, 13, 79, 2),
(275, 8, 58, 1),
(276, 15, 61, 1),
(277, 19, 4, 2),
(278, 1, 32, 1),
(279, 6, 43, 1),
(280, 1, 45, 2),
(281, 10, 84, 1),
(282, 1, 86, 1),
(283, 19, 12, 2),
(284, 20, 45, 1),
(285, 3, 65, 2),
(286, 14, 38, 2),
(287, 1, 19, 1),
(288, 11, 38, 2),
(289, 3, 14, 2),
(290, 19, 77, 2),
(291, 2, 16, 2),
(292, 12, 31, 1),
(293, 5, 51, 2),
(294, 8, 62, 1),
(295, 16, 56, 2),
(296, 4, 36, 1),
(297, 2, 59, 2),
(298, 11, 79, 2),
(299, 5, 97, 1),
(300, 13, 36, 1),
(301, 6, 63, 2),
(302, 11, 60, 2),
(303, 13, 10, 2),
(304, 8, 43, 1),
(305, 12, 74, 2),
(306, 4, 71, 2),
(307, 3, 74, 2),
(308, 19, 99, 2),
(309, 16, 41, 1),
(310, 18, 16, 2),
(311, 12, 26, 1),
(312, 5, 32, 2),
(313, 7, 100, 1),
(314, 1, 29, 1),
(315, 8, 62, 1),
(316, 13, 57, 2),
(317, 12, 4, 2),
(318, 18, 68, 1),
(319, 4, 100, 1),
(320, 1, 17, 2),
(321, 20, 55, 2),
(322, 15, 57, 2),
(323, 7, 10, 1),
(324, 12, 48, 1),
(325, 3, 92, 1),
(326, 6, 78, 1),
(327, 11, 63, 2),
(328, 10, 47, 2),
(329, 13, 38, 2),
(330, 4, 56, 2),
(331, 17, 18, 1),
(332, 11, 87, 1),
(333, 8, 51, 2),
(334, 8, 53, 2),
(335, 18, 7, 2),
(336, 15, 52, 2),
(337, 1, 13, 1),
(338, 10, 61, 1),
(339, 4, 82, 1),
(340, 10, 42, 2),
(341, 5, 96, 2),
(342, 17, 86, 1),
(343, 4, 27, 2),
(344, 8, 5, 1),
(345, 13, 52, 2),
(346, 18, 20, 2),
(347, 7, 57, 2),
(348, 18, 32, 1),
(349, 6, 2, 1),
(350, 16, 40, 1),
(351, 1, 29, 2),
(352, 19, 44, 2),
(353, 11, 18, 2),
(354, 16, 28, 2),
(355, 13, 88, 1),
(356, 15, 45, 2),
(357, 8, 24, 1),
(358, 9, 2, 2),
(359, 3, 48, 1),
(360, 1, 2, 1),
(361, 8, 45, 1),
(362, 15, 12, 1),
(363, 4, 26, 1),
(364, 13, 31, 2),
(365, 14, 72, 2),
(366, 6, 93, 1),
(367, 5, 67, 2),
(368, 11, 16, 2),
(369, 7, 68, 1),
(370, 17, 36, 1),
(371, 15, 32, 2),
(372, 7, 84, 1),
(373, 1, 73, 1),
(374, 18, 9, 2),
(375, 11, 69, 2),
(376, 8, 77, 1),
(377, 13, 48, 2),
(378, 4, 75, 2),
(379, 4, 1, 1),
(380, 7, 49, 1),
(381, 16, 35, 2),
(382, 12, 18, 1),
(383, 19, 66, 1),
(384, 20, 69, 1),
(385, 5, 58, 2),
(386, 3, 66, 1),
(387, 11, 70, 2),
(388, 14, 86, 2),
(389, 8, 49, 1),
(390, 8, 84, 2),
(391, 16, 67, 2),
(392, 6, 19, 2),
(393, 5, 55, 1),
(394, 17, 97, 1),
(395, 8, 27, 1),
(396, 4, 73, 1),
(397, 10, 18, 2),
(398, 16, 88, 2),
(399, 15, 40, 1),
(400, 12, 7, 2),
(401, 10, 30, 1),
(402, 15, 14, 1),
(403, 3, 36, 2),
(404, 12, 42, 2),
(405, 18, 70, 1),
(406, 4, 50, 2),
(407, 14, 89, 1),
(408, 12, 12, 2),
(409, 1, 86, 2),
(410, 1, 32, 2),
(411, 1, 81, 1),
(412, 11, 55, 2),
(413, 3, 73, 1),
(414, 14, 72, 2),
(415, 20, 60, 1),
(416, 19, 72, 2),
(417, 16, 40, 2),
(418, 6, 56, 1),
(419, 3, 25, 1),
(420, 1, 52, 1),
(421, 8, 55, 1),
(422, 6, 26, 1),
(423, 6, 90, 2),
(424, 2, 7, 2),
(425, 10, 52, 1),
(426, 13, 100, 2),
(427, 17, 14, 2),
(428, 17, 65, 1),
(429, 3, 65, 1),
(430, 6, 83, 2),
(431, 5, 50, 2),
(432, 14, 73, 2),
(433, 20, 9, 1),
(434, 11, 61, 2),
(435, 20, 38, 1),
(436, 11, 39, 1),
(437, 18, 59, 1),
(438, 16, 82, 1),
(439, 15, 12, 2),
(440, 8, 95, 1),
(441, 1, 15, 1),
(442, 16, 90, 2),
(443, 20, 27, 2),
(444, 8, 81, 1),
(445, 8, 45, 1),
(446, 2, 7, 1),
(447, 11, 73, 1),
(448, 4, 94, 2),
(449, 8, 90, 2),
(450, 8, 85, 1),
(451, 13, 52, 2),
(452, 12, 63, 1),
(453, 11, 44, 2),
(454, 2, 63, 1),
(455, 2, 62, 2),
(456, 2, 65, 2),
(457, 18, 32, 2),
(458, 4, 73, 1),
(459, 19, 98, 2),
(460, 19, 90, 2),
(461, 2, 87, 1),
(462, 1, 89, 2),
(463, 13, 33, 2),
(464, 16, 96, 2),
(465, 6, 63, 1),
(466, 19, 19, 2),
(467, 4, 45, 1),
(468, 17, 15, 1),
(469, 7, 61, 1),
(470, 4, 35, 2),
(471, 13, 57, 1),
(472, 16, 33, 1),
(473, 10, 83, 1),
(474, 13, 23, 1),
(475, 4, 87, 1),
(476, 5, 80, 2),
(477, 14, 80, 1),
(478, 6, 33, 1),
(479, 9, 4, 1),
(480, 15, 14, 1),
(481, 2, 3, 2),
(482, 20, 40, 2),
(483, 6, 9, 1),
(484, 17, 14, 1),
(485, 9, 40, 2),
(486, 1, 90, 1),
(487, 20, 25, 1),
(488, 5, 43, 2),
(489, 8, 59, 1),
(490, 14, 52, 2),
(491, 20, 66, 1),
(492, 13, 82, 2),
(493, 4, 83, 2),
(494, 8, 71, 2),
(495, 11, 93, 1),
(496, 2, 38, 2),
(497, 7, 49, 1),
(498, 14, 84, 1),
(499, 1, 6, 1),
(500, 20, 59, 2);

-- --------------------------------------------------------

--
-- 表的结构 `users`
--

CREATE TABLE `users` (
  `id` int(10) UNSIGNED NOT NULL,
  `name` varchar(50) NOT NULL,
  `email` varchar(50) NOT NULL,
  `age` tinyint(3) UNSIGNED NOT NULL DEFAULT '0'
) ENGINE=InnoDB DEFAULT CHARSET=utf8mb4 COLLATE=utf8mb4_0900_ai_ci;

--
-- 转存表中的数据 `users`
--

INSERT INTO `users` (`id`, `name`, `email`, `age`) VALUES
(1, 'user1', 'user1@email.com', 54),
(2, 'user2', 'user2@email.com', 36),
(3, 'user3', 'user3@email.com', 53),
(4, 'user4', 'user4@email.com', 30),
(5, 'user5', 'user5@email.com', 28),
(6, 'user6', 'user6@email.com', 43),
(7, 'user7', 'user7@email.com', 57),
(8, 'user8', 'user8@email.com', 38),
(9, 'user9', 'user9@email.com', 46),
(10, 'user10', 'user10@email.com', 19),
(11, 'user11', 'user11@email.com', 52),
(12, 'user12', 'user12@email.com', 28),
(13, 'user13', 'user13@email.com', 29),
(14, 'user14', 'user14@email.com', 38),
(15, 'user15', 'user15@email.com', 19),
(16, 'user16', 'user16@email.com', 46),
(17, 'user17', 'user17@email.com', 25),
(18, 'user18', 'user18@email.com', 59),
(19, 'user19', 'user19@email.com', 49),
(20, 'user20', 'user20@email.com', 57),
(21, 'user21', 'user21@email.com', 22),
(22, 'user22', 'user22@email.com', 55),
(23, 'user23', 'user23@email.com', 56),
(24, 'user24', 'user24@email.com', 23),
(25, 'user25', 'user25@email.com', 35),
(26, 'user26', 'user26@email.com', 59),
(27, 'user27', 'user27@email.com', 36),
(28, 'user28', 'user28@email.com', 57),
(29, 'user29', 'user29@email.com', 32),
(30, 'user30', 'user30@email.com', 37),
(31, 'user31', 'user31@email.com', 35),
(32, 'user32', 'user32@email.com', 39),
(33, 'user33', 'user33@email.com', 23),
(34, 'user34', 'user34@email.com', 23),
(35, 'user35', 'user35@email.com', 46),
(36, 'user36', 'user36@email.com', 18),
(37, 'user37', 'user37@email.com', 55),
(38, 'user38', 'user38@email.com', 41),
(39, 'user39', 'user39@email.com', 51),
(40, 'user40', 'user40@email.com', 39),
(41, 'user41', 'user41@email.com', 30),
(42, 'user42', 'user42@email.com', 56),
(43, 'user43', 'user43@email.com', 25),
(44, 'user44', 'user44@email.com', 59),
(45, 'user45', 'user45@email.com', 46),
(46, 'user46', 'user46@email.com', 39),
(47, 'user47', 'user47@email.com', 43),
(48, 'user48', 'user48@email.com', 48),
(49, 'user49', 'user49@email.com', 48),
(50, 'user50', 'user50@email.com', 21),
(51, 'user51', 'user51@email.com', 40),
(52, 'user52', 'user52@email.com', 51),
(53, 'user53', 'user53@email.com', 36),
(54, 'user54', 'user54@email.com', 34),
(55, 'user55', 'user55@email.com', 45),
(56, 'user56', 'user56@email.com', 29),
(57, 'user57', 'user57@email.com', 37),
(58, 'user58', 'user58@email.com', 32),
(59, 'user59', 'user59@email.com', 37),
(60, 'user60', 'user60@email.com', 56),
(61, 'user61', 'user61@email.com', 52),
(62, 'user62', 'user62@email.com', 44),
(63, 'user63', 'user63@email.com', 31),
(64, 'user64', 'user64@email.com', 38),
(65, 'user65', 'user65@email.com', 40),
(66, 'user66', 'user66@email.com', 60),
(67, 'user67', 'user67@email.com', 23),
(68, 'user68', 'user68@email.com', 48),
(69, 'user69', 'user69@email.com', 49),
(70, 'user70', 'user70@email.com', 53),
(71, 'user71', 'user71@email.com', 21),
(72, 'user72', 'user72@email.com', 53),
(73, 'user73', 'user73@email.com', 18),
(74, 'user74', 'user74@email.com', 47),
(75, 'user75', 'user75@email.com', 52),
(76, 'user76', 'user76@email.com', 27),
(77, 'user77', 'user77@email.com', 39),
(78, 'user78', 'user78@email.com', 41),
(79, 'user79', 'user79@email.com', 27),
(80, 'user80', 'user80@email.com', 54),
(81, 'user81', 'user81@email.com', 40),
(82, 'user82', 'user82@email.com', 34),
(83, 'user83', 'user83@email.com', 54),
(84, 'user84', 'user84@email.com', 44),
(85, 'user85', 'user85@email.com', 29),
(86, 'user86', 'user86@email.com', 27),
(87, 'user87', 'user87@email.com', 39),
(88, 'user88', 'user88@email.com', 58),
(89, 'user89', 'user89@email.com', 38),
(90, 'user90', 'user90@email.com', 35),
(91, 'user91', 'user91@email.com', 48),
(92, 'user92', 'user92@email.com', 49),
(93, 'user93', 'user93@email.com', 31),
(94, 'user94', 'user94@email.com', 30),
(95, 'user95', 'user95@email.com', 55),
(96, 'user96', 'user96@email.com', 50),
(97, 'user97', 'user97@email.com', 43),
(98, 'user98', 'user98@email.com', 24),
(99, 'user99', 'user99@email.com', 41),
(100, 'user100', 'user100@email.com', 30);

-- --------------------------------------------------------

--
-- 表的结构 `video`
--

CREATE TABLE `video` (
  `vid` int(11) NOT NULL,
  `title` varchar(100) NOT NULL,
  `user_id` int(10) UNSIGNED NOT NULL,
  `source_url` varchar(100) NOT NULL,
  `status` tinyint(4) NOT NULL DEFAULT '1'
) ENGINE=InnoDB DEFAULT CHARSET=utf8;

--
-- 转存表中的数据 `video`
--

INSERT INTO `video` (`vid`, `title`, `user_id`, `source_url`, `status`) VALUES
(1, 'title1', 70, 'url1', 1),
(2, 'title2', 43, 'url2', 1),
(3, 'title3', 9, 'url3', 1),
(4, 'title4', 39, 'url4', 1),
(5, 'title5', 9, 'url5', 1),
(6, 'title6', 81, 'url6', 1),
(7, 'title7', 94, 'url7', 1),
(8, 'title8', 46, 'url8', 1),
(9, 'title9', 31, 'url9', 1),
(10, 'title10', 96, 'url10', 0),
(11, 'title11', 56, 'url11', 1),
(12, 'title12', 10, 'url12', 1),
(13, 'title13', 85, 'url13', 1),
(14, 'title14', 45, 'url14', 1),
(15, 'title15', 61, 'url15', 1),
(16, 'title16', 78, 'url16', 1),
(17, 'title17', 52, 'url17', 1),
(18, 'title18', 4, 'url18', 1),
(19, 'title19', 10, 'url19', 1),
(20, 'title20', 22, 'url20', 1),
(21, 'title21', 18, 'url21', 1),
(22, 'title22', 7, 'url22', 0),
(23, 'title23', 10, 'url23', 1),
(24, 'title24', 55, 'url24', 1),
(25, 'title25', 22, 'url25', 0),
(26, 'title26', 18, 'url26', 1),
(27, 'title27', 77, 'url27', 1),
(28, 'title28', 33, 'url28', 1),
(29, 'title29', 70, 'url29', 1),
(30, 'title30', 43, 'url30', 1),
(31, 'title31', 85, 'url31', 0),
(32, 'title32', 71, 'url32', 1),
(33, 'title33', 51, 'url33', 1),
(34, 'title34', 76, 'url34', 0),
(35, 'title35', 82, 'url35', 1),
(36, 'title36', 22, 'url36', 0),
(37, 'title37', 3, 'url37', 0),
(38, 'title38', 88, 'url38', 1),
(39, 'title39', 90, 'url39', 1),
(40, 'title40', 8, 'url40', 1),
(41, 'title41', 72, 'url41', 0),
(42, 'title42', 2, 'url42', 1),
(43, 'title43', 54, 'url43', 1),
(44, 'title44', 20, 'url44', 1),
(45, 'title45', 57, 'url45', 0),
(46, 'title46', 72, 'url46', 1),
(47, 'title47', 71, 'url47', 1),
(48, 'title48', 20, 'url48', 1),
(49, 'title49', 33, 'url49', 0),
(50, 'title50', 22, 'url50', 1),
(51, 'title51', 9, 'url51', 1),
(52, 'title52', 27, 'url52', 1),
(53, 'title53', 93, 'url53', 1),
(54, 'title54', 66, 'url54', 1),
(55, 'title55', 19, 'url55', 1),
(56, 'title56', 55, 'url56', 1),
(57, 'title57', 95, 'url57', 1),
(58, 'title58', 31, 'url58', 1),
(59, 'title59', 70, 'url59', 1),
(60, 'title60', 76, 'url60', 1),
(61, 'title61', 84, 'url61', 1),
(62, 'title62', 17, 'url62', 1),
(63, 'title63', 57, 'url63', 1),
(64, 'title64', 74, 'url64', 1),
(65, 'title65', 94, 'url65', 1),
(66, 'title66', 34, 'url66', 0),
(67, 'title67', 73, 'url67', 1),
(68, 'title68', 72, 'url68', 1),
(69, 'title69', 36, 'url69', 1),
(70, 'title70', 96, 'url70', 1),
(71, 'title71', 56, 'url71', 1),
(72, 'title72', 60, 'url72', 0),
(73, 'title73', 46, 'url73', 1),
(74, 'title74', 18, 'url74', 1),
(75, 'title75', 47, 'url75', 1),
(76, 'title76', 46, 'url76', 1),
(77, 'title77', 46, 'url77', 1),
(78, 'title78', 2, 'url78', 1),
(79, 'title79', 44, 'url79', 1),
(80, 'title80', 79, 'url80', 1),
(81, 'title81', 74, 'url81', 1),
(82, 'title82', 38, 'url82', 1),
(83, 'title83', 98, 'url83', 1),
(84, 'title84', 48, 'url84', 1),
(85, 'title85', 67, 'url85', 1),
(86, 'title86', 43, 'url86', 1),
(87, 'title87', 81, 'url87', 1),
(88, 'title88', 39, 'url88', 0),
(89, 'title89', 91, 'url89', 1),
(90, 'title90', 29, 'url90', 1),
(91, 'title91', 25, 'url91', 1),
(92, 'title92', 67, 'url92', 1),
(93, 'title93', 49, 'url93', 1),
(94, 'title94', 81, 'url94', 1),
(95, 'title95', 17, 'url95', 1),
(96, 'title96', 23, 'url96', 1),
(97, 'title97', 25, 'url97', 0),
(98, 'title98', 45, 'url98', 0),
(99, 'title99', 56, 'url99', 1),
(100, 'title100', 11, 'url100', 1);

--
-- 转储表的索引
--

--
-- 表的索引 `articles`
--
ALTER TABLE `articles`
  ADD PRIMARY KEY (`id`),
  ADD KEY `user_id` (`user_id`);

--
-- 表的索引 `comments`
--
ALTER TABLE `comments`
  ADD PRIMARY KEY (`id`),
  ADD KEY `user_id` (`user_id`);

--
-- 表的索引 `tags`
--
ALTER TABLE `tags`
  ADD PRIMARY KEY (`id`),
  ADD UNIQUE KEY `name` (`name`);

--
-- 表的索引 `target_tag`
--
ALTER TABLE `target_tag`
  ADD PRIMARY KEY (`id`),
  ADD KEY `tag_id` (`tag_id`);

--
-- 表的索引 `users`
--
ALTER TABLE `users`
  ADD PRIMARY KEY (`id`);

--
-- 表的索引 `video`
--
ALTER TABLE `video`
  ADD PRIMARY KEY (`vid`);

--
-- 在导出的表使用AUTO_INCREMENT
--

--
-- 使用表AUTO_INCREMENT `articles`
--
ALTER TABLE `articles`
  MODIFY `id` int(10) UNSIGNED NOT NULL AUTO_INCREMENT, AUTO_INCREMENT=101;

--
-- 使用表AUTO_INCREMENT `comments`
--
ALTER TABLE `comments`
  MODIFY `id` int(10) UNSIGNED NOT NULL AUTO_INCREMENT, AUTO_INCREMENT=501;

--
-- 使用表AUTO_INCREMENT `tags`
--
ALTER TABLE `tags`
  MODIFY `id` int(10) UNSIGNED NOT NULL AUTO_INCREMENT, AUTO_INCREMENT=21;

--
-- 使用表AUTO_INCREMENT `target_tag`
--
ALTER TABLE `target_tag`
  MODIFY `id` int(10) UNSIGNED NOT NULL AUTO_INCREMENT, AUTO_INCREMENT=501;

--
-- 使用表AUTO_INCREMENT `users`
--
ALTER TABLE `users`
  MODIFY `id` int(10) UNSIGNED NOT NULL AUTO_INCREMENT, AUTO_INCREMENT=101;

--
-- 使用表AUTO_INCREMENT `video`
--
ALTER TABLE `video`
  MODIFY `vid` int(11) NOT NULL AUTO_INCREMENT, AUTO_INCREMENT=101;
COMMIT;

/*!40101 SET CHARACTER_SET_CLIENT=@OLD_CHARACTER_SET_CLIENT */;
/*!40101 SET CHARACTER_SET_RESULTS=@OLD_CHARACTER_SET_RESULTS */;
/*!40101 SET COLLATION_CONNECTION=@OLD_COLLATION_CONNECTION */;
